创建分享状态,分享名,分享地址,提取码,分享时间
成功,79剑走偏锋的大明1-1126章.txt,"我用夸克网盘给你分享了「79剑走偏锋的大...126章.txt」，点击链接或复制整段内容，打开「夸克APP」即可获取。
链接：https://pan.quark.cn/s/f13dbbd391e1?pwd=8ZNX
提取码：8ZNX",8ZNX,2026-09-09 17:27
成功,80圣女来时不纳粮1-1372章.txt,"我用夸克网盘给你分享了「80圣女来时不纳...372章.txt」，点击链接或复制整段内容，打开「夸克APP」即可获取。
链接：https://pan.quark.cn/s/136bfea1b110?pwd=b4hK
提取码：b4hK",b4hK,2026-09-09 17:27
成功,76百世飞升1-963章.txt,"我用夸克网盘给你分享了「76百世飞升1-...963章.txt」，点击链接或复制整段内容，打开「夸克APP」即可获取。
链接：https://pan.quark.cn/s/8f5d5f6d1758?pwd=itNu
提取码：itNu",itNu,2026-09-09 17:27
成功,75学霸的军工科研系统1-1708章.txt,"我用夸克网盘给你分享了「75学霸的军工科...708章.txt」，点击链接或复制整段内容，打开「夸克APP」即可获取。
链接：https://pan.quark.cn/s/6e1e8aaff247?pwd=5RCB
提取码：5RCB",5RCB,2026-09-09 17:27
成功,74黄昏分界1-871章.txt,"我用夸克网盘给你分享了「74黄昏分界1-...871章.txt」，点击链接或复制整段内容，打开「夸克APP」即可获取。
链接：https://pan.quark.cn/s/0d3534ed9df2?pwd=wVgm
提取码：wVgm",wVgm,2026-09-09 17:27
成功,72吞噬星空1-1522章.txt,"我用夸克网盘给你分享了「72吞噬星空1-...522章.txt」，点击链接或复制整段内容，打开「夸克APP」即可获取。
链接：https://pan.quark.cn/s/609eaa4fd1e0?pwd=Jnv8
提取码：Jnv8",Jnv8,2026-09-09 17:27
成功,73黎明之剑1-1597章.txt,"我用夸克网盘给你分享了「73黎明之剑1-...597章.txt」，点击链接或复制整段内容，打开「夸克APP」即可获取。
链接：https://pan.quark.cn/s/db1a7b68f844?pwd=6brB
提取码：6brB",6brB,2026-09-09 17:27
成功,70灵境行者1-1020章.txt,"我用夸克网盘给你分享了「70灵境行者1-...020章.txt」，点击链接或复制整段内容，打开「夸克APP」即可获取。
链接：https://pan.quark.cn/s/a9d4e4843338?pwd=Gtqx
提取码：Gtqx",Gtqx,2026-09-09 17:27
成功,69异度旅社1-888章.txt,"我用夸克网盘给你分享了「69异度旅社1-...888章.txt」，点击链接或复制整段内容，打开「夸克APP」即可获取。
链接：https://pan.quark.cn/s/001ff435f0a0?pwd=5tzv
提取码：5tzv",5tzv,2026-09-09 17:27
成功,68第一序列1-1260章.txt,"我用夸克网盘给你分享了「68第一序列1-...260章.txt」，点击链接或复制整段内容，打开「夸克APP」即可获取。
链接：https://pan.quark.cn/s/ed240f0e9f52?pwd=QKSS
提取码：QKSS",QKSS,2026-09-09 17:27
成功,87直男卖腐天打雷劈1-191章.txt,"我用夸克网盘给你分享了「87直男卖腐天打...191章.txt」，点击链接或复制整段内容，打开「夸克APP」即可获取。
链接：https://pan.quark.cn/s/716317724408?pwd=yQhS
提取码：yQhS",yQhS,2026-09-09 17:27
成功,89剑烛大荒1-0章.txt,"我用夸克网盘给你分享了「89剑烛大荒1-0章.txt」，点击链接或复制整段内容，打开「夸克APP」即可获取。
链接：https://pan.quark.cn/s/d2fb9a3ed7a0?pwd=Gatz
提取码：Gatz",Gatz,2026-09-09 17:27
成功,66堑壕大栓与魔法1-596章.txt,"我用夸克网盘给你分享了「66堑壕大栓与魔...596章.txt」，点击链接或复制整段内容，打开「夸克APP」即可获取。
链接：https://pan.quark.cn/s/84abb910d3c5?pwd=bagC
提取码：bagC",bagC,2026-09-09 17:27
成功,88再婚abo1-84章.txt,"我用夸克网盘给你分享了「88再婚abo1...-84章.txt」，点击链接或复制整段内容，打开「夸克APP」即可获取。
链接：https://pan.quark.cn/s/c64f96030bd8?pwd=fFP5
提取码：fFP5",fFP5,2026-09-09 17:27
成功,85我，枪神！1-527章.txt,"我用夸克网盘给你分享了「85我，枪神！1...527章.txt」，点击链接或复制整段内容，打开「夸克APP」即可获取。
链接：https://pan.quark.cn/s/395285a4d30e?pwd=bYQL
提取码：bYQL",bYQL,2026-09-09 17:27
成功,84卷崽穿到反派幼年期[快穿]1-269章.txt,"我用夸克网盘给你分享了「84卷崽穿到反派...269章.txt」，点击链接或复制整段内容，打开「夸克APP」即可获取。
链接：https://pan.quark.cn/s/2290ee3d9f4d?pwd=N5Pd
提取码：N5Pd",N5Pd,2026-09-09 17:27
成功,86情天娃娃气象电台1-90章.txt,"我用夸克网盘给你分享了「86情天娃娃气象...-90章.txt」，点击链接或复制整段内容，打开「夸克APP」即可获取。
链接：https://pan.quark.cn/s/798b1bdc51a1?pwd=Ce2Q
提取码：Ce2Q",Ce2Q,2026-09-09 17:27
成功,65谍战：我能扫描万物信息1-712章.txt,"我用夸克网盘给你分享了「65谍战：我能扫...712章.txt」，点击链接或复制整段内容，打开「夸克APP」即可获取。
链接：https://pan.quark.cn/s/5c507a4e4499?pwd=GgLE
提取码：GgLE",GgLE,2026-09-09 17:27
成功,83理想之城1-132章.txt,"我用夸克网盘给你分享了「83理想之城1-...132章.txt」，点击链接或复制整段内容，打开「夸克APP」即可获取。
链接：https://pan.quark.cn/s/08593e9d364e?pwd=LzTF
提取码：LzTF",LzTF,2026-09-09 17:27
成功,82哥你不许打我老公！！1-409章.txt,"我用夸克网盘给你分享了「82哥你不许打我...409章.txt」，点击链接或复制整段内容，打开「夸克APP」即可获取。
链接：https://pan.quark.cn/s/719dc51c27a7?pwd=pEBv
提取码：pEBv",pEBv,2026-09-09 17:27
成功,64谍战，都别猜了，我真是卧底啊1-353章.txt,"我用夸克网盘给你分享了「64谍战，都别猜...353章.txt」，点击链接或复制整段内容，打开「夸克APP」即可获取。
链接：https://pan.quark.cn/s/75e283ed0653?pwd=B18x
提取码：B18x",B18x,2026-09-09 17:27
成功,63横推亮剑1-1163章.txt,"我用夸克网盘给你分享了「63横推亮剑1-...163章.txt」，点击链接或复制整段内容，打开「夸克APP」即可获取。
链接：https://pan.quark.cn/s/682bf8b54aa8?pwd=scBJ
提取码：scBJ",scBJ,2026-09-09 17:27
成功,81攻略咸鱼的错误方式1-79章.txt,"我用夸克网盘给你分享了「81攻略咸鱼的错...-79章.txt」，点击链接或复制整段内容，打开「夸克APP」即可获取。
链接：https://pan.quark.cn/s/41558564d90f?pwd=KRUA
提取码：KRUA",KRUA,2026-09-09 17:27
成功,78窈窕贵女，疯犬好逑1-87章.txt,"我用夸克网盘给你分享了「78窈窕贵女，疯...-87章.txt」，点击链接或复制整段内容，打开「夸克APP」即可获取。
链接：https://pan.quark.cn/s/c09f525c46b0?pwd=eD7r
提取码：eD7r",eD7r,2026-09-09 17:27
成功,71超人灭绝指南1-223章.txt,"我用夸克网盘给你分享了「71超人灭绝指南...223章.txt」，点击链接或复制整段内容，打开「夸克APP」即可获取。
链接：https://pan.quark.cn/s/659ecd1b1d46?pwd=vTDu
提取码：vTDu",vTDu,2026-09-09 17:27
成功,77恭喜发财1-45章.txt,"我用夸克网盘给你分享了「77恭喜发财1-45章.txt」，点击链接或复制整段内容，打开「夸克APP」即可获取。
链接：https://pan.quark.cn/s/996cdcd07af1?pwd=c7i5
提取码：c7i5",c7i5,2026-09-09 17:27
成功,67四十九条末世规则1-707章.txt,"我用夸克网盘给你分享了「67四十九条末世...707章.txt」，点击链接或复制整段内容，打开「夸克APP」即可获取。
链接：https://pan.quark.cn/s/4bf1949bb230?pwd=62ha
提取码：62ha",62ha,2026-09-09 17:27
成功,62谁教你这么当兵的！1-729章.txt,"我用夸克网盘给你分享了「62谁教你这么当...729章.txt」，点击链接或复制整段内容，打开「夸克APP」即可获取。
链接：https://pan.quark.cn/s/1df62d67076a?pwd=B7er
提取码：B7er",B7er,2026-09-09 17:27
成功,57我的谍战岁月1-2106章.txt,"我用夸克网盘给你分享了「57我的谍战岁月...106章.txt」，点击链接或复制整段内容，打开「夸克APP」即可获取。
链接：https://pan.quark.cn/s/27111aed5a81?pwd=PA2j
提取码：PA2j",PA2j,2026-09-09 17:27
成功,60佣兵我为王1-1850章.txt,"我用夸克网盘给你分享了「60佣兵我为王1...850章.txt」，点击链接或复制整段内容，打开「夸克APP」即可获取。
链接：https://pan.quark.cn/s/82d07f9750b1?pwd=UGrg
提取码：UGrg",UGrg,2026-09-09 17:27
成功,61谍影风云1-1222章.txt,"我用夸克网盘给你分享了「61谍影风云1-...222章.txt」，点击链接或复制整段内容，打开「夸克APP」即可获取。
链接：https://pan.quark.cn/s/e7d7d09026ff?pwd=ks7w
提取码：ks7w",ks7w,2026-09-09 17:27
成功,58谍影：命令与征服1-2074章.txt,"我用夸克网盘给你分享了「58谍影：命令与...074章.txt」，点击链接或复制整段内容，打开「夸克APP」即可获取。
链接：https://pan.quark.cn/s/811fbf81c5b8?pwd=EvUy
提取码：EvUy",EvUy,2026-09-09 17:27
成功,56炮火弧线1-788章.txt,"我用夸克网盘给你分享了「56炮火弧线1-...788章.txt」，点击链接或复制整段内容，打开「夸克APP」即可获取。
链接：https://pan.quark.cn/s/87a73003d32f?pwd=1JLf
提取码：1JLf",1JLf,2026-09-09 17:27
成功,59谍海猎影1-1407章.txt,"我用夸克网盘给你分享了「59谍海猎影1-...407章.txt」，点击链接或复制整段内容，打开「夸克APP」即可获取。
链接：https://pan.quark.cn/s/f16c24972fde?pwd=Yup7
提取码：Yup7",Yup7,2026-09-09 17:27
成功,52红楼之挽天倾1-1726章.txt,"我用夸克网盘给你分享了「52红楼之挽天倾...726章.txt」，点击链接或复制整段内容，打开「夸克APP」即可获取。
链接：https://pan.quark.cn/s/16c3c4d10b83?pwd=B2su
提取码：B2su",B2su,2026-09-09 17:27
成功,55终宋1-1369章.txt,"我用夸克网盘给你分享了「55终宋1-1369章.txt」，点击链接或复制整段内容，打开「夸克APP」即可获取。
链接：https://pan.quark.cn/s/a1ec610c1b35?pwd=SH9Z
提取码：SH9Z",SH9Z,2026-09-09 17:27
成功,53明朝败家子1-0章.txt,"我用夸克网盘给你分享了「53明朝败家子1-0章.txt」，点击链接或复制整段内容，打开「夸克APP」即可获取。
链接：https://pan.quark.cn/s/4b7a574ae06c?pwd=GW9k
提取码：GW9k",GW9k,2026-09-09 17:27
成功,54家父汉高祖1-913章.txt,"我用夸克网盘给你分享了「54家父汉高祖1...913章.txt」，点击链接或复制整段内容，打开「夸克APP」即可获取。
链接：https://pan.quark.cn/s/262ef49f5e6a?pwd=vaLt
提取码：vaLt",vaLt,2026-09-09 17:27
成功,47我真没想重生啊1-1075章.txt,"我用夸克网盘给你分享了「47我真没想重生...075章.txt」，点击链接或复制整段内容，打开「夸克APP」即可获取。
链接：https://pan.quark.cn/s/98ad363ed041?pwd=AtpH
提取码：AtpH",AtpH,2026-09-09 17:27
成功,48神探陈益1-808章.txt,"我用夸克网盘给你分享了「48神探陈益1-...808章.txt」，点击链接或复制整段内容，打开「夸克APP」即可获取。
链接：https://pan.quark.cn/s/2776b58d6929?pwd=dhdy
提取码：dhdy",dhdy,2026-09-09 17:27
成功,51晋末长剑1-1516章.txt,"我用夸克网盘给你分享了「51晋末长剑1-...516章.txt」，点击链接或复制整段内容，打开「夸克APP」即可获取。
链接：https://pan.quark.cn/s/039dccca61c5?pwd=N8UX
提取码：N8UX",N8UX,2026-09-09 17:27
成功,46我的模拟长生路1-1782章.txt,"我用夸克网盘给你分享了「46我的模拟长生...782章.txt」，点击链接或复制整段内容，打开「夸克APP」即可获取。
链接：https://pan.quark.cn/s/85ff0194e91e?pwd=wv5H
提取码：wv5H",wv5H,2026-09-09 17:27
成功,45从箭术开始修行1-573章.txt,"我用夸克网盘给你分享了「45从箭术开始修...573章.txt」，点击链接或复制整段内容，打开「夸克APP」即可获取。
链接：https://pan.quark.cn/s/3f0058b8e0ff?pwd=AsYL
提取码：AsYL",AsYL,2026-09-09 17:27
成功,44我有一个修仙世界1-1500章.txt,"我用夸克网盘给你分享了「44我有一个修仙...500章.txt」，点击链接或复制整段内容，打开「夸克APP」即可获取。
链接：https://pan.quark.cn/s/54be9cb15619?pwd=Gdxj
提取码：Gdxj",Gdxj,2026-09-09 17:27
成功,43光阴之外1-1359章.txt,"我用夸克网盘给你分享了「43光阴之外1-...359章.txt」，点击链接或复制整段内容，打开「夸克APP」即可获取。
链接：https://pan.quark.cn/s/6d6aec538edb?pwd=Uu5H
提取码：Uu5H",Uu5H,2026-09-09 17:27
成功,42创业在晚唐1-851章.txt,"我用夸克网盘给你分享了「42创业在晚唐1...851章.txt」，点击链接或复制整段内容，打开「夸克APP」即可获取。
链接：https://pan.quark.cn/s/d0b91ffa9bce?pwd=gYFf
提取码：gYFf",gYFf,2026-09-09 17:27
成功,41草芥称王1-522章.txt,"我用夸克网盘给你分享了「41草芥称王1-...522章.txt」，点击链接或复制整段内容，打开「夸克APP」即可获取。
链接：https://pan.quark.cn/s/89b837ee2c6b?pwd=3dVq
提取码：3dVq",3dVq,2026-09-09 17:27
成功,39大宋文豪1-691章.txt,"我用夸克网盘给你分享了「39大宋文豪1-...691章.txt」，点击链接或复制整段内容，打开「夸克APP」即可获取。
链接：https://pan.quark.cn/s/cc194dec6961?pwd=5u92
提取码：5u92",5u92,2026-09-09 17:27
成功,50三国：夫人，我乃正经人家1-816章.txt,"我用夸克网盘给你分享了「50三国：夫人，...816章.txt」，点击链接或复制整段内容，打开「夸克APP」即可获取。
链接：https://pan.quark.cn/s/81adc0b85ec2?pwd=PcS4
提取码：PcS4",PcS4,2026-09-09 17:27
成功,40红楼芳华，权倾天下1-598章.txt,"我用夸克网盘给你分享了「40红楼芳华，权...598章.txt」，点击链接或复制整段内容，打开「夸克APP」即可获取。
链接：https://pan.quark.cn/s/6a6a753749b9?pwd=Xh7W
提取码：Xh7W",Xh7W,2026-09-09 17:27
成功,38状元郎1-902章.txt,"我用夸克网盘给你分享了「38状元郎1-902章.txt」，点击链接或复制整段内容，打开「夸克APP」即可获取。
链接：https://pan.quark.cn/s/c16cc84bf2bd?pwd=Dsvk
提取码：Dsvk",Dsvk,2026-09-09 17:27
成功,49重启人生1-610章.txt,"我用夸克网盘给你分享了「49重启人生1-...610章.txt」，点击链接或复制整段内容，打开「夸克APP」即可获取。
链接：https://pan.quark.cn/s/8ce0866f3226?pwd=VEMF
提取码：VEMF",VEMF,2026-09-09 17:27
成功,37踩着魔门妖女成为最强1-859章.txt,"我用夸克网盘给你分享了「37踩着魔门妖女...859章.txt」，点击链接或复制整段内容，打开「夸克APP」即可获取。
链接：https://pan.quark.cn/s/02c1349feeb0?pwd=S7Na
提取码：S7Na",S7Na,2026-09-09 17:27
成功,36捞尸人1-696章.txt,"我用夸克网盘给你分享了「36捞尸人1-696章.txt」，点击链接或复制整段内容，打开「夸克APP」即可获取。
链接：https://pan.quark.cn/s/a5d88e09d092?pwd=vy8U
提取码：vy8U",vy8U,2026-09-09 17:27
成功,35国民法医1-1356章.txt,"我用夸克网盘给你分享了「35国民法医1-...356章.txt」，点击链接或复制整段内容，打开「夸克APP」即可获取。
链接：https://pan.quark.cn/s/ab268cb1b136?pwd=g8cf
提取码：g8cf",g8cf,2026-09-09 17:27
成功,33择日走红1-1006章.txt,"我用夸克网盘给你分享了「33择日走红1-...006章.txt」，点击链接或复制整段内容，打开「夸克APP」即可获取。
链接：https://pan.quark.cn/s/019780946456?pwd=etjF
提取码：etjF",etjF,2026-09-09 17:27
成功,34离婚后，我能听到未来的声音1-958章.txt,"我用夸克网盘给你分享了「34离婚后，我能...958章.txt」，点击链接或复制整段内容，打开「夸克APP」即可获取。
链接：https://pan.quark.cn/s/9ad55ad87aa3?pwd=NvF5
提取码：NvF5",NvF5,2026-09-09 17:27
成功,29Z世代艺术家1-557章.txt,"我用夸克网盘给你分享了「29Z世代艺术家...557章.txt」，点击链接或复制整段内容，打开「夸克APP」即可获取。
链接：https://pan.quark.cn/s/84a3144aecd9?pwd=XRHj
提取码：XRHj",XRHj,2026-09-09 17:27
成功,30以神通之名1-16711章.txt,"我用夸克网盘给你分享了「30以神通之名1...711章.txt」，点击链接或复制整段内容，打开「夸克APP」即可获取。
链接：https://pan.quark.cn/s/74fcf0358890?pwd=1HkB
提取码：1HkB",1HkB,2026-09-09 17:27
成功,31刚准备高考，离婚逆袭系统来了1-970章.txt,"我用夸克网盘给你分享了「31刚准备高考，...970章.txt」，点击链接或复制整段内容，打开「夸克APP」即可获取。
链接：https://pan.quark.cn/s/40206cf31fed?pwd=BjB9
提取码：BjB9",BjB9,2026-09-09 17:27
成功,25永噩长夜1-1207章.txt,"我用夸克网盘给你分享了「25永噩长夜1-...207章.txt」，点击链接或复制整段内容，打开「夸克APP」即可获取。
链接：https://pan.quark.cn/s/55d6c0f71251?pwd=K7cA
提取码：K7cA",K7cA,2026-09-09 17:27
成功,28废土边境检查官1-1700章.txt,"我用夸克网盘给你分享了「28废土边境检查...700章.txt」，点击链接或复制整段内容，打开「夸克APP」即可获取。
链接：https://pan.quark.cn/s/413aa509b02b?pwd=Y8WU
提取码：Y8WU",Y8WU,2026-09-09 17:27
成功,21高武纪元1-842章.txt,"我用夸克网盘给你分享了「21高武纪元1-...842章.txt」，点击链接或复制整段内容，打开「夸克APP」即可获取。
链接：https://pan.quark.cn/s/48f6e423f3ab?pwd=4eKL
提取码：4eKL",4eKL,2026-09-09 17:27
成功,19普罗之主1-861章.txt,"我用夸克网盘给你分享了「19普罗之主1-...861章.txt」，点击链接或复制整段内容，打开「夸克APP」即可获取。
链接：https://pan.quark.cn/s/03a571e66d31?pwd=DLGE
提取码：DLGE",DLGE,2026-09-09 17:27
成功,17元始法则1-1271章.txt,"我用夸克网盘给你分享了「17元始法则1-...271章.txt」，点击链接或复制整段内容，打开「夸克APP」即可获取。
链接：https://pan.quark.cn/s/3230c869fe53?pwd=Sp5p
提取码：Sp5p",Sp5p,2026-09-09 17:27
成功,14青山1-797章.txt,"我用夸克网盘给你分享了「14青山1-797章.txt」，点击链接或复制整段内容，打开「夸克APP」即可获取。
链接：https://pan.quark.cn/s/395d361e2194?pwd=RiBb
提取码：RiBb",RiBb,2026-09-09 17:27
成功,12玄鉴仙族1-1559章.txt,"我用夸克网盘给你分享了「12玄鉴仙族1-...559章.txt」，点击链接或复制整段内容，打开「夸克APP」即可获取。
链接：https://pan.quark.cn/s/a8fc88fe93e0?pwd=fw6p
提取码：fw6p",fw6p,2026-09-09 17:27
成功,13从水猴子开始成神1-1482章.txt,"我用夸克网盘给你分享了「13从水猴子开始...482章.txt」，点击链接或复制整段内容，打开「夸克APP」即可获取。
链接：https://pan.quark.cn/s/e463fbe85859?pwd=Rw9i
提取码：Rw9i",Rw9i,2026-09-09 17:27
成功,11谁让他修仙的！1-1364章.txt,"我用夸克网盘给你分享了「11谁让他修仙的...364章.txt」，点击链接或复制整段内容，打开「夸克APP」即可获取。
链接：https://pan.quark.cn/s/5701dd97be2b?pwd=qCFk
提取码：qCFk",qCFk,2026-09-09 17:27
成功,10从斩妖除魔开始长生不死1-838章.txt,"我用夸克网盘给你分享了「10从斩妖除魔开...838章.txt」，点击链接或复制整段内容，打开「夸克APP」即可获取。
链接：https://pan.quark.cn/s/3b1d4ae8141d?pwd=udFs
提取码：udFs",udFs,2026-09-09 17:27
成功,5嗣皇帝1-999章.txt,"我用夸克网盘给你分享了「5嗣皇帝1-999章.txt」，点击链接或复制整段内容，打开「夸克APP」即可获取。
链接：https://pan.quark.cn/s/e192c27f42e3?pwd=BSb4
提取码：BSb4",BSb4,2026-09-09 17:27
成功,8苟在初圣魔门当人材1-1444章.txt,"我用夸克网盘给你分享了「8苟在初圣魔门当...444章.txt」，点击链接或复制整段内容，打开「夸克APP」即可获取。
链接：https://pan.quark.cn/s/254dbfcf97f2?pwd=HepN
提取码：HepN",HepN,2026-09-09 17:27
成功,2夜无疆1-810章.txt,"我用夸克网盘给你分享了「2夜无疆1-810章.txt」，点击链接或复制整段内容，打开「夸克APP」即可获取。
链接：https://pan.quark.cn/s/9834dec57421?pwd=ZwQh
提取码：ZwQh",ZwQh,2026-09-09 17:27
成功,32都重生了谁谈恋爱啊1-766章.txt,"我用夸克网盘给你分享了「32都重生了谁谈...766章.txt」，点击链接或复制整段内容，打开「夸克APP」即可获取。
链接：https://pan.quark.cn/s/bff91c904ff2?pwd=VkPy
提取码：VkPy",VkPy,2026-09-09 17:27
成功,1没钱修什么仙？1-987章.txt,"我用夸克网盘给你分享了「1没钱修什么仙？...987章.txt」，点击链接或复制整段内容，打开「夸克APP」即可获取。
链接：https://pan.quark.cn/s/cae0076dd4a8?pwd=fBN8
提取码：fBN8",fBN8,2026-09-09 17:27
成功,1984从破产川菜馆开始1-18699章.txt,"我用夸克网盘给你分享了「1984从破产川...699章.txt」，点击链接或复制整段内容，打开「夸克APP」即可获取。
链接：https://pan.quark.cn/s/576ad855b7b9?pwd=QYwQ
提取码：QYwQ",QYwQ,2026-09-09 17:27
成功,18冬日重现1-500章.txt,"我用夸克网盘给你分享了「18冬日重现1-...500章.txt」，点击链接或复制整段内容，打开「夸克APP」即可获取。
链接：https://pan.quark.cn/s/747c9dc39a25?pwd=JAqV
提取码：JAqV",JAqV,2026-09-09 17:27
成功,23苟在妖武乱世修仙1-1102章.txt,"我用夸克网盘给你分享了「23苟在妖武乱世...102章.txt」，点击链接或复制整段内容，打开「夸克APP」即可获取。
链接：https://pan.quark.cn/s/77662c6223a8?pwd=Ge8Z
提取码：Ge8Z",Ge8Z,2026-09-09 17:27
成功,20道诡异仙1-1042章.txt,"我用夸克网盘给你分享了「20道诡异仙1-...042章.txt」，点击链接或复制整段内容，打开「夸克APP」即可获取。
链接：https://pan.quark.cn/s/dc51f50d4dd8?pwd=PQR2
提取码：PQR2",PQR2,2026-09-09 17:27
成功,26苟圣！1-533章.txt,"我用夸克网盘给你分享了「26苟圣！1-533章.txt」，点击链接或复制整段内容，打开「夸克APP」即可获取。
链接：https://pan.quark.cn/s/bbde15ec0b96?pwd=J3q3
提取码：J3q3",J3q3,2026-09-09 17:27
成功,16我的化身正在成为最终BOSS1-422章.txt,"我用夸克网盘给你分享了「16我的化身正在...422章.txt」，点击链接或复制整段内容，打开「夸克APP」即可获取。
链接：https://pan.quark.cn/s/0093cacca328?pwd=k9Es
提取码：k9Es",k9Es,2026-09-09 17:27
成功,24苟在两界修仙1-714章.txt,"我用夸克网盘给你分享了「24苟在两界修仙...714章.txt」，点击链接或复制整段内容，打开「夸克APP」即可获取。
链接：https://pan.quark.cn/s/dad11c04efec?pwd=wGHS
提取码：wGHS",wGHS,2026-09-09 17:27
成功,98我在永夜打造庇护所1-411章.txt,"我用夸克网盘给你分享了「98我在永夜打造...411章.txt」，点击链接或复制整段内容，打开「夸克APP」即可获取。
链接：https://pan.quark.cn/s/296c0fa7f14d?pwd=BzYQ
提取码：BzYQ",BzYQ,2026-09-09 17:27
成功,235我命令你成为密教教主1-835章.txt,"我用夸克网盘给你分享了「235我命令你成...835章.txt」，点击链接或复制整段内容，打开「夸克APP」即可获取。
链接：https://pan.quark.cn/s/feca96171325?pwd=frci
提取码：frci",frci,2026-09-09 17:27
成功,27浊世武尊1-505章.txt,"我用夸克网盘给你分享了「27浊世武尊1-...505章.txt」，点击链接或复制整段内容，打开「夸克APP」即可获取。
链接：https://pan.quark.cn/s/5db3c621619c?pwd=tMXJ
提取码：tMXJ",tMXJ,2026-09-09 17:27
成功,9我在惊悚游戏里封神1-589章.txt,"我用夸克网盘给你分享了「9我在惊悚游戏里...589章.txt」，点击链接或复制整段内容，打开「夸克APP」即可获取。
链接：https://pan.quark.cn/s/0de1e5901403?pwd=P5Xp
提取码：P5Xp",P5Xp,2026-09-09 17:27
成功,22故障乌托邦1-650章.txt,"我用夸克网盘给你分享了「22故障乌托邦1...650章.txt」，点击链接或复制整段内容，打开「夸克APP」即可获取。
链接：https://pan.quark.cn/s/e8d112e30cbe?pwd=ksrd
提取码：ksrd",ksrd,2026-09-09 17:27
成功,15神的模仿犯1-840章.txt,"我用夸克网盘给你分享了「15神的模仿犯1...840章.txt」，点击链接或复制整段内容，打开「夸克APP」即可获取。
链接：https://pan.quark.cn/s/523042b8eaf5?pwd=QnQg
提取码：QnQg",QnQg,2026-09-09 17:27
成功,117腐朽世界1-608章.txt,"我用夸克网盘给你分享了「117腐朽世界1...608章.txt」，点击链接或复制整段内容，打开「夸克APP」即可获取。
链接：https://pan.quark.cn/s/05b89ee8f5fd?pwd=AxYb
提取码：AxYb",AxYb,2026-09-09 17:27
成功,99这个武圣太谨慎了无删减1-265章.txt,"我用夸克网盘给你分享了「99这个武圣太谨...265章.txt」，点击链接或复制整段内容，打开「夸克APP」即可获取。
链接：https://pan.quark.cn/s/1318e1363662?pwd=bn7i
提取码：bn7i",bn7i,2026-09-09 17:27
成功,145武道！1-148章.txt,"我用夸克网盘给你分享了「145武道！1-...148章.txt」，点击链接或复制整段内容，打开「夸克APP」即可获取。
链接：https://pan.quark.cn/s/39c5a2a47478?pwd=VaDT
提取码：VaDT",VaDT,2026-09-09 17:27
成功,95真实历史游戏：只有我知道剧情1-448章.txt,"我用夸克网盘给你分享了「95真实历史游戏...448章.txt」，点击链接或复制整段内容，打开「夸克APP」即可获取。
链接：https://pan.quark.cn/s/725be5761e21?pwd=Snr2
提取码：Snr2",Snr2,2026-09-09 17:27
成功,7吞噬星空2起源大陆1-452章.txt,"我用夸克网盘给你分享了「7吞噬星空2起源...452章.txt」，点击链接或复制整段内容，打开「夸克APP」即可获取。
链接：https://pan.quark.cn/s/103a63559e78?pwd=dF6b
提取码：dF6b",dF6b,2026-09-09 17:27
成功,100这个武圣太谨慎了1-322章.txt,"我用夸克网盘给你分享了「100这个武圣太...322章.txt」，点击链接或复制整段内容，打开「夸克APP」即可获取。
链接：https://pan.quark.cn/s/bd4fd4ef8142?pwd=SCPj
提取码：SCPj",SCPj,2026-09-09 17:27
成功,6神明调查报告1-428章.txt,"我用夸克网盘给你分享了「6神明调查报告1...428章.txt」，点击链接或复制整段内容，打开「夸克APP」即可获取。
链接：https://pan.quark.cn/s/5b9845fb7071?pwd=ge6n
提取码：ge6n",ge6n,2026-09-09 17:27
成功,93谁让他当假面骑士的！1-324章.txt,"我用夸克网盘给你分享了「93谁让他当假面...324章.txt」，点击链接或复制整段内容，打开「夸克APP」即可获取。
链接：https://pan.quark.cn/s/b762f1b1427e?pwd=MMCS
提取码：MMCS",MMCS,2026-09-09 17:27
成功,91我正经学生，每天只吃九种魔药1-303章.txt,"我用夸克网盘给你分享了「91我正经学生，...303章.txt」，点击链接或复制整段内容，打开「夸克APP」即可获取。
链接：https://pan.quark.cn/s/5475f89c0fdf?pwd=tay1
提取码：tay1",tay1,2026-09-09 17:27
成功,94我加载了神秘学面板1-507章.txt,"我用夸克网盘给你分享了「94我加载了神秘...507章.txt」，点击链接或复制整段内容，打开「夸克APP」即可获取。
链接：https://pan.quark.cn/s/1ac6abe0b9e2?pwd=icCD
提取码：icCD",icCD,2026-09-09 17:27
成功,96让仙门再次伟大1-8262章.txt,"我用夸克网盘给你分享了「96让仙门再次伟...262章.txt」，点击链接或复制整段内容，打开「夸克APP」即可获取。
链接：https://pan.quark.cn/s/1d8c5405bdc2?pwd=YkRW
提取码：YkRW",YkRW,2026-09-09 17:27
成功,3苟在武道世界成圣1-883章.txt,"我用夸克网盘给你分享了「3苟在武道世界成...883章.txt」，点击链接或复制整段内容，打开「夸克APP」即可获取。
链接：https://pan.quark.cn/s/a8a5ee24dce0?pwd=9Egc
提取码：9Egc",9Egc,2026-09-09 17:27
成功,90星河之主1-387章.txt,"我用夸克网盘给你分享了「90星河之主1-...387章.txt」，点击链接或复制整段内容，打开「夸克APP」即可获取。
链接：https://pan.quark.cn/s/16e073b15797?pwd=JSVD
提取码：JSVD",JSVD,2026-09-09 17:27
成功,4都重生了谁考公务员啊1-887章.txt,"我用夸克网盘给你分享了「4都重生了谁考公...887章.txt」，点击链接或复制整段内容，打开「夸克APP」即可获取。
链接：https://pan.quark.cn/s/be305bbf4963?pwd=P7HA
提取码：P7HA",P7HA,2026-09-09 17:27
成功,92廓晋1-2章.txt,"我用夸克网盘给你分享了「92廓晋1-2章.txt」，点击链接或复制整段内容，打开「夸克APP」即可获取。
链接：https://pan.quark.cn/s/0090de8fdf62?pwd=x1nE
提取码：x1nE",x1nE,2026-09-09 17:27
