文件名,链接,提取码,分享时间,分享状态
1620_剑宗外门1-710章.txt,https://pan.baidu.com/s/1P28qVSA0k68Qid3YdkdGsg?pwd=ftbp,ftbp,2026-09-14 22:13,生成成功
1573_重生港娱：我把电影拍成了神话1-125章.txt,https://pan.baidu.com/s/1We3_l_MfCDsjgD_vGByeVg?pwd=ftbp,ftbp,2026-09-14 22:13,生成成功
1527_西游：成了方寸山首席1-330章.txt,https://pan.baidu.com/s/1HNmtEfVpDeebt_sktpeKng?pwd=ftbp,ftbp,2026-09-14 22:13,生成成功
1611_诸天：小李飞刀开始1-272章.txt,https://pan.baidu.com/s/1pvYgUO37djRvbwiMOX8S4Q?pwd=ftbp,ftbp,2026-09-14 22:13,生成成功
1639_魏晋不服周1-634章.txt,https://pan.baidu.com/s/1G7acMa078EMIUqIv8LuBug?pwd=ftbp,ftbp,2026-09-14 22:13,生成成功
1538_怪物世界1-751章.txt,https://pan.baidu.com/s/1ii0u1f02pSibNnYmYgcSzg?pwd=ftbp,ftbp,2026-09-14 22:13,生成成功
1616_工业克苏鲁不相信魔法1-660章.txt,https://pan.baidu.com/s/11see_COdenGAWR5IYmLGqA?pwd=ftbp,ftbp,2026-09-14 22:13,生成成功
1543_从武林门派到长生仙门1-734章.txt,https://pan.baidu.com/s/1aKXfYBKlci-NXRjVxRfb2Q?pwd=ftbp,ftbp,2026-09-14 22:13,生成成功
1517_仙府！1-723章.txt,https://pan.baidu.com/s/1VLVmwCdjb8A9BAPw8uEn8g?pwd=ftbp,ftbp,2026-09-14 22:13,生成成功
1580_魔修也要上班打卡吗？1-378章.txt,https://pan.baidu.com/s/19Yf87BNL0-KJI5w59Gsltw?pwd=ftbp,ftbp,2026-09-14 22:13,生成成功
1546_漫威世界的唯一玩家1-467章.txt,https://pan.baidu.com/s/1Lu192T5KDjO9KazxC-lt-Q?pwd=ftbp,ftbp,2026-09-14 22:13,生成成功
1578_导演：从混学分开始到影坛传奇1-268章.txt,https://pan.baidu.com/s/1VK4LC1K__G7eGHSXVAEXTw?pwd=ftbp,ftbp,2026-09-14 22:13,生成成功
1632_肉身成圣从养生太极开始1-318章.txt,https://pan.baidu.com/s/1CvFR-Y9lfz3awyBdnCfhVw?pwd=ftbp,ftbp,2026-09-14 22:13,生成成功
1545_以皇帝特权改变这个世界1-562章.txt,https://pan.baidu.com/s/1jJ_0X-sbJyrUmMrY1WFfbw?pwd=ftbp,ftbp,2026-09-14 22:13,生成成功
1577_一世之尊1-1445章.txt,https://pan.baidu.com/s/1d2s1oCiDXeOh3ENwEL5JsA?pwd=ftbp,ftbp,2026-09-14 22:13,生成成功
1518_清都山水郎1-165章.txt,https://pan.baidu.com/s/1UiQ7qiRis_yY0buW24PoFA?pwd=ftbp,ftbp,2026-09-14 22:13,生成成功
1603_我真没想当武林盟主1-514章.txt,https://pan.baidu.com/s/1eLtd-OBDszOGZiHD0g0gnA?pwd=ftbp,ftbp,2026-09-14 22:13,生成成功
1623_与经纪人恋爱是禁止事项1-70章.txt,https://pan.baidu.com/s/11y074zc0MPHznyOrItNHzA?pwd=ftbp,ftbp,2026-09-14 22:13,生成成功
1656_纯阳！1-803章.txt,https://pan.baidu.com/s/1GwxJSf-o7NLvvKJ1BhNAHg?pwd=ftbp,ftbp,2026-09-14 22:13,生成成功
1514_全职高手1-5章.txt,https://pan.baidu.com/s/1_UMxUGelXRV8HfxEzeQKPg?pwd=ftbp,ftbp,2026-09-14 22:13,生成成功
1551_诡秘：最后一个牧羊人1-997章.txt,https://pan.baidu.com/s/1JFzcYAGoGzkj8237OimE9w?pwd=ftbp,ftbp,2026-09-14 22:13,生成成功
1680_华娱1998：国家队导演！1-254章.txt,https://pan.baidu.com/s/19VYN95AP8CZ2UB8ebEYFoQ?pwd=ftbp,ftbp,2026-09-14 22:13,生成成功
1570_激荡1979！1-720章.txt,https://pan.baidu.com/s/1oosFVZRJR0U2jWbPvmDR8w?pwd=ftbp,ftbp,2026-09-14 22:13,生成成功
1605_左道世界的尸解仙1-169章.txt,https://pan.baidu.com/s/1sL49as6W7JJJUvZqkaHn8g?pwd=ftbp,ftbp,2026-09-14 22:13,生成成功
1677_谁敢抢我唐僧肉！1-447章.txt,https://pan.baidu.com/s/1H6pUfXi5MctwBqCaxYAmkA?pwd=ftbp,ftbp,2026-09-14 22:13,生成成功
1539_美警生存实录：以德服人1-649章.txt,https://pan.baidu.com/s/1dDVrVnoW1SHQf6slj1WYpA?pwd=ftbp,ftbp,2026-09-14 22:13,生成成功
1674_长津湖：满仓有身装备栏1-344章.txt,https://pan.baidu.com/s/1_DqAZKtNVqnq07awYJSHcg?pwd=ftbp,ftbp,2026-09-14 22:13,生成成功
1505_绍宋1-84章.txt,https://pan.baidu.com/s/14F32l486ENzK1cNF0WcFZQ?pwd=ftbp,ftbp,2026-09-14 22:13,生成成功
1672_战锤：以涅槃之名1-1319章.txt,https://pan.baidu.com/s/1_V1qmCCTP2BZIh-bAdOkYw?pwd=ftbp,ftbp,2026-09-14 22:13,生成成功
1663_顶级钱术1-196章.txt,https://pan.baidu.com/s/1gVFK0rm-Tp7M5crXV_Y1Dg?pwd=ftbp,ftbp,2026-09-14 22:13,生成成功
1540_观山！1-320章.txt,https://pan.baidu.com/s/1aYHggs5Cuz-uaBfVC5LxAw?pwd=ftbp,ftbp,2026-09-14 22:13,生成成功
1506_呢喃诗章1-4542章.txt,https://pan.baidu.com/s/1jrBAwpSSU0c2NNqoloevWA?pwd=ftbp,ftbp,2026-09-14 22:13,生成成功
1602_旧日恐剧1-2997章.txt,https://pan.baidu.com/s/1BjlAXdHMSeKKD-_Nfw_etw?pwd=ftbp,ftbp,2026-09-14 22:13,生成成功
1647_从一战开始的无限历史战场1-402章.txt,https://pan.baidu.com/s/1G7S3-BO0_qcZMAbIpfV6GQ?pwd=ftbp,ftbp,2026-09-14 22:13,生成成功
1607_半岛小行星1-1363章.txt,https://pan.baidu.com/s/1lYVnZnLu3txxE1NewGkEUw?pwd=ftbp,ftbp,2026-09-14 22:13,生成成功
1669_东京泡沫人生1-1643章.txt,https://pan.baidu.com/s/1JvomBePwNqtRwCdi1aBkXg?pwd=ftbp,ftbp,2026-09-14 22:13,生成成功
1522_我，死灵法师，超爱美利坚1-233章.txt,https://pan.baidu.com/s/1pR3BAx-Q1stzv1_koDXEyg?pwd=ftbp,ftbp,2026-09-14 22:13,生成成功
1562_重燃青葱时代1-956章.txt,https://pan.baidu.com/s/1aU6_fEUOoCvyDf2tQEf8qQ?pwd=ftbp,ftbp,2026-09-14 22:13,生成成功
1560_龙族：从青龙果实开始1-135章.txt,https://pan.baidu.com/s/14L1r6skwUbXzK243LILkNw?pwd=ftbp,ftbp,2026-09-14 22:13,生成成功
1675_民国：从神打开始入道1-273章.txt,https://pan.baidu.com/s/1FPuf6bVVWmn8rCP__jEPZQ?pwd=ftbp,ftbp,2026-09-14 22:13,生成成功
1509_轮回乐园1-4171章.txt,https://pan.baidu.com/s/1lg6rlhmhKHFiHCybhbs3UA?pwd=ftbp,ftbp,2026-09-14 22:13,生成成功
1699_第一天骄1-1286章.txt,https://pan.baidu.com/s/1S07d1rppCYDk2LFXhsZC_g?pwd=ftbp,ftbp,2026-09-14 22:13,生成成功
1646_我在迷雾打造完美领地1-286章.txt,https://pan.baidu.com/s/10JztDCuWfP3-gxXwUhST1w?pwd=ftbp,ftbp,2026-09-14 22:13,生成成功
1554_还能保送怪物职业学院？1-819章.txt,https://pan.baidu.com/s/1C2qqN6DEt3l1mAxMwW5RWw?pwd=ftbp,ftbp,2026-09-14 22:13,生成成功
1645_大师补习班1-787章.txt,https://pan.baidu.com/s/11u1Kc0qplaaQB_d1ZvMT5A?pwd=ftbp,ftbp,2026-09-14 22:13,生成成功
1635_梦回民国从拉包月开始1-863章.txt,https://pan.baidu.com/s/1VZLPzOkpVxdNRPTCHmC4Bw?pwd=ftbp,ftbp,2026-09-14 22:13,生成成功
1634_大明豪雄1-254章.txt,https://pan.baidu.com/s/1eZ9tqpugbqf84ZzdaK48ig?pwd=ftbp,ftbp,2026-09-14 22:13,生成成功
1598_从跨年失败开始成为不可名状之神1-2256章.txt,https://pan.baidu.com/s/1h-rWT3bQTpn_6oajUSbq8A?pwd=ftbp,ftbp,2026-09-14 22:13,生成成功
1591_精灵族的修仙者1-438章.txt,https://pan.baidu.com/s/1ATwtr7HmxLi8Jtkx9l56OQ?pwd=ftbp,ftbp,2026-09-14 22:13,生成成功
1694_上门女婿叶辰1-2641章.txt,https://pan.baidu.com/s/1prtKyz-NEm3G_uD0x9WjSg?pwd=ftbp,ftbp,2026-09-14 22:13,生成成功
1644_青葫剑仙1-2868章.txt,https://pan.baidu.com/s/1REeNz7ZLNutA2Rsglkoyow?pwd=ftbp,ftbp,2026-09-14 22:13,生成成功
1624_1979西北往事1-113章.txt,https://pan.baidu.com/s/1vLOWRH95csr-QYJvEucdfg?pwd=ftbp,ftbp,2026-09-14 22:13,生成成功
1572_我一个三金导演十项全能很合理吧1-769章.txt,https://pan.baidu.com/s/1yNyypeE6XCsvMsx3EajaYw?pwd=ftbp,ftbp,2026-09-14 22:13,生成成功
1515_1980潮起潮落1-34章.txt,https://pan.baidu.com/s/1_gwzvM29MMh1FZBW5VJl7g?pwd=ftbp,ftbp,2026-09-14 22:13,生成成功
1691_让你练生活职业，你肝成神职1-800章.txt,https://pan.baidu.com/s/1wuBpfZsbW-Bg7hAZGyyPZg?pwd=ftbp,ftbp,2026-09-14 22:13,生成成功
1511_这个地下城长蘑菇了1-878章.txt,https://pan.baidu.com/s/1LJKMCDKpZNIlFTb1lkPRlA?pwd=ftbp,ftbp,2026-09-14 22:13,生成成功
1641_我的抗联岁月1-1211章.txt,https://pan.baidu.com/s/1Ajc16-NRIPmTozLPfqr_pQ?pwd=ftbp,ftbp,2026-09-14 22:13,生成成功
1636_摄政妖妃的赤胆忠臣1-625章.txt,https://pan.baidu.com/s/1lQYf8Lw8oqoBQtFpl7fQjg?pwd=ftbp,ftbp,2026-09-14 22:13,生成成功
1631_火影：破防系统，给忍界一点压力1-236章.txt,https://pan.baidu.com/s/1tJZh9zRGb7bVsOMgWJQ_gA?pwd=ftbp,ftbp,2026-09-14 22:13,生成成功
1503_开局被逃婚？我偷窥系统心声娇养病弱夫君1-41章.txt,https://pan.baidu.com/s/119nDWv2Llq63JoOMuT5lNw?pwd=ftbp,ftbp,2026-09-14 22:13,生成成功
1683_八零：渣男逼我死遁，嫁糙汉夜夜被亲哭1-103章.txt,https://pan.baidu.com/s/1HImNgR8Fl0LkunjSewMl8A?pwd=ftbp,ftbp,2026-09-14 22:13,生成成功
1507_以超人之力打穿全美漫！1-266章.txt,https://pan.baidu.com/s/1yGGv08c2fdJ7QyHUjdmevw?pwd=ftbp,ftbp,2026-09-14 22:13,生成成功
1604_凡人：我乃魔道祖师爷1-666章.txt,https://pan.baidu.com/s/19h0KLCVsERfKoCqgph0Auw?pwd=ftbp,ftbp,2026-09-14 22:13,生成成功
1688_官场逆袭：我的美女领导有点强1-953章.txt,https://pan.baidu.com/s/1ig2RQcEIKdxto2p-wkvc9w?pwd=ftbp,ftbp,2026-09-14 22:13,生成成功
1615_神祇1-94章.txt,https://pan.baidu.com/s/1frFJSPx7byQ7-zrIGLX7Uw?pwd=ftbp,ftbp,2026-09-14 22:13,生成成功
1648_三国神话世界1-10098章.txt,https://pan.baidu.com/s/16ZtxnMopNaLMTJal9dgg1Q?pwd=ftbp,ftbp,2026-09-14 22:13,生成成功
1542_伊塔之柱1-1202章.txt,https://pan.baidu.com/s/1dHiEDIT9ArPeg3MjN2mpVw?pwd=ftbp,ftbp,2026-09-14 22:13,生成成功
1614_1422：东罗马的复兴1-489章.txt,https://pan.baidu.com/s/1QxzkyoV2tlWH6uKEayNTUg?pwd=ftbp,ftbp,2026-09-14 22:13,生成成功
1633_地狱游戏：从大都会开始1-4399章.txt,https://pan.baidu.com/s/1p7_sIDGzzuX_C6uLBIoSHw?pwd=ftbp,ftbp,2026-09-14 22:13,生成成功
1510_神秘复苏1-1623章.txt,https://pan.baidu.com/s/1krsiQpAB3x3TupVcIzHihg?pwd=ftbp,ftbp,2026-09-14 22:13,生成成功
1520_东南亚教父，从金山角收债开始1-276章.txt,https://pan.baidu.com/s/1ZAdv7iYEIBoygwhqLbc4zQ?pwd=ftbp,ftbp,2026-09-14 22:13,生成成功
1622_成为主教练后，我开摆了1-329章.txt,https://pan.baidu.com/s/1WQ9xzPRXnLwPz4zVy9GyCQ?pwd=ftbp,ftbp,2026-09-14 22:13,生成成功
1667_诡秘：穿越旧日之都1-149章.txt,https://pan.baidu.com/s/1yYb8Ne3dHqk2OHaUu4gPHg?pwd=ftbp,ftbp,2026-09-14 22:13,生成成功
1569_狗头人的巫师日志1-1059章.txt,https://pan.baidu.com/s/1PLSTGifhh8YGqoBtEAA6gA?pwd=ftbp,ftbp,2026-09-14 22:13,生成成功
1544_民国：烽火19371-873章.txt,https://pan.baidu.com/s/1hB87UYvsviXUF3eMQdDVRg?pwd=ftbp,ftbp,2026-09-14 22:13,生成成功
1621_教练凶猛1-513章.txt,https://pan.baidu.com/s/1UPbAqY1llVEB7FxOyZhgyw?pwd=ftbp,ftbp,2026-09-14 22:13,生成成功
1671_每门功法补贴圆满1-437章.txt,https://pan.baidu.com/s/1e8OSa_C6WkjVg3N5-OBgmA?pwd=ftbp,ftbp,2026-09-14 22:13,生成成功
1558_赘婿1-1413章.txt,https://pan.baidu.com/s/1Zohj3ZgEOhDHskHjuSWmNg?pwd=ftbp,ftbp,2026-09-14 22:13,生成成功
1668_从熔炉骑士开始耐力登神1-91章.txt,https://pan.baidu.com/s/1yA4vtecrmOOJLw7FGFtPSw?pwd=ftbp,ftbp,2026-09-14 22:13,生成成功
1655_大明第一国舅1-1141章.txt,https://pan.baidu.com/s/1JuYAzsGRegtztk6aHOuVyA?pwd=ftbp,ftbp,2026-09-14 22:13,生成成功
1513_凡人修仙传1-2616章.txt,https://pan.baidu.com/s/1tQkFTaXBWAvtiMx0OsGA-g?pwd=ftbp,ftbp,2026-09-14 22:13,生成成功
1584_长生了，然后呢？1-206章.txt,https://pan.baidu.com/s/1T1BUX-2rRbHcDO9YmXDrog?pwd=ftbp,ftbp,2026-09-14 22:13,生成成功
1549_领主进化1-133章.txt,https://pan.baidu.com/s/1XvNVEvx85aQqJqbM1S3djQ?pwd=ftbp,ftbp,2026-09-14 22:13,生成成功
1593_勇者可以不活，但不能没活1-622章.txt,https://pan.baidu.com/s/1T-SL1DDGXAL3BM5R09dMPA?pwd=ftbp,ftbp,2026-09-14 22:13,生成成功
1526_伊塔纪元1-996章.txt,https://pan.baidu.com/s/1NxcyGx_rXcjfpd7K4mjTHA?pwd=ftbp,ftbp,2026-09-14 22:13,生成成功
1612_钢铁，病菌与奥法医生1-180章.txt,https://pan.baidu.com/s/1-aVjnUbGtpIRf1cVb-E-Bg?pwd=ftbp,ftbp,2026-09-14 22:13,生成成功
1673_西西里的渔夫传说1-319章.txt,https://pan.baidu.com/s/1ZuYCMNcGkKpnnc5nEQk-nQ?pwd=ftbp,ftbp,2026-09-14 22:13,生成成功
1626_异常病理科1-79章.txt,https://pan.baidu.com/s/1cN7mjemXpiZF5kFBX8umHg?pwd=ftbp,ftbp,2026-09-14 22:13,生成成功
1587_人生副本游戏1-1953章.txt,https://pan.baidu.com/s/1IvsG4smkGVfXPZxr_z-qaA?pwd=ftbp,ftbp,2026-09-14 22:13,生成成功
1695_官场：权路迷局之绯色官途1-3498章.txt,https://pan.baidu.com/s/1Fi0avHDJj29k00JvZLlaSQ?pwd=ftbp,ftbp,2026-09-14 22:13,生成成功
1651_成龙快婿1-782章.txt,https://pan.baidu.com/s/12v4BgT1g0HwYpbJOvZN1jQ?pwd=ftbp,ftbp,2026-09-14 22:13,生成成功
1575_超神机械师1-1081章.txt,https://pan.baidu.com/s/1bXER74D4m-Cfy5H2jGMoBQ?pwd=ftbp,ftbp,2026-09-14 22:13,生成成功
1679_帝国将持续的赢1-191章.txt,https://pan.baidu.com/s/1Npg0SPojqKV2O7lgadtAsA?pwd=ftbp,ftbp,2026-09-14 22:13,生成成功
1519_红楼：我和黛玉互穿了1-295章.txt,https://pan.baidu.com/s/1gxFhF1pDIFXeCVVj73e-Sw?pwd=ftbp,ftbp,2026-09-14 22:13,生成成功
1502_绑定祖宅改造系统，万界大佬排队来打工1-483章.txt,https://pan.baidu.com/s/1gzOqBS9EXvee781Kgzo52A?pwd=ftbp,ftbp,2026-09-14 22:13,生成成功
1662_斗罗：死神使者也想改命1-123章.txt,https://pan.baidu.com/s/1VMi1c2usvJumv3mPjIPPLQ?pwd=ftbp,ftbp,2026-09-14 22:13,生成成功
1531_怕死抗什么日1-247章.txt,https://pan.baidu.com/s/1EUQw3DGLOnzkrk9HcSjKEg?pwd=ftbp,ftbp,2026-09-14 22:13,生成成功
1596_说好当闲散赘婿，你陆地神仙？1-551章.txt,https://pan.baidu.com/s/1QFk_KlcWoYeaKGhL4E5LPg?pwd=ftbp,ftbp,2026-09-14 22:13,生成成功
1696_重生74，我老婆是漂亮女知青1-736章.txt,https://pan.baidu.com/s/1btVGjDLxOLMbTfG9c-yEGQ?pwd=ftbp,ftbp,2026-09-14 22:13,生成成功
1700_我在凡间种田长生1-786章.txt,https://pan.baidu.com/s/1oRHd659V9VMyOvkRpstDQQ?pwd=ftbp,ftbp,2026-09-14 22:13,生成成功
1532_诡秘：罗塞尔，叫我女皇陛下1-159章.txt,https://pan.baidu.com/s/1ebcvBS3xxTyQCtb3edVY5w?pwd=ftbp,ftbp,2026-09-14 22:13,生成成功
1592_没人比我更懂救大明1-367章.txt,https://pan.baidu.com/s/1Si3Cx1ewJCliR1y61EisIw?pwd=ftbp,ftbp,2026-09-14 22:13,生成成功
1697_监国太子，开局软禁崇祯1-267章.txt,https://pan.baidu.com/s/1AnctgdOMImyLQbF_-HamKQ?pwd=ftbp,ftbp,2026-09-14 22:13,生成成功
1556_重回1982小渔村1-47878章.txt,https://pan.baidu.com/s/1cL83jDQQDcbaWkXW3HV0yA?pwd=ftbp,ftbp,2026-09-14 22:13,生成成功
1619_人在漫威编剧本，说我幕后黑手？1-176章.txt,https://pan.baidu.com/s/1idsM6kRpE51GfuPp2npEcQ?pwd=ftbp,ftbp,2026-09-14 22:13,生成成功
1528_凡人：刚结丹，系统让我小心墨老1-871章.txt,https://pan.baidu.com/s/1C17Mbl1W0ZBJ7vi3M1bn8g?pwd=ftbp,ftbp,2026-09-14 22:13,生成成功
1692_太阳神体：从为仙女解毒开始无敌！1-1110章.txt,https://pan.baidu.com/s/1Pf1VJFmmz24O8MvNxNTaNQ?pwd=ftbp,ftbp,2026-09-14 22:13,生成成功
1512_融合是最高贵的召唤方式！1-7581章.txt,https://pan.baidu.com/s/1sY1-dmb9swds9jRL8oz5mw?pwd=ftbp,ftbp,2026-09-14 22:13,生成成功
1533_没钱当什么乱臣贼子1-982章.txt,https://pan.baidu.com/s/1OmuXDvty67jowDXMm4tFxQ?pwd=ftbp,ftbp,2026-09-14 22:13,生成成功
1649_回到红火岁月做俗人1-1235章.txt,https://pan.baidu.com/s/1aTyhWrusm74spyB8x9SRzw?pwd=ftbp,ftbp,2026-09-14 22:13,生成成功
1529_重生的我超有追求1-386章.txt,https://pan.baidu.com/s/1jdkNw1fr2zo9s2SsfKpkHw?pwd=ftbp,ftbp,2026-09-14 22:13,生成成功
1555_库洛牌的魔法使1-1568章.txt,https://pan.baidu.com/s/1dwLKNYGmcsm_egBPo477QQ?pwd=ftbp,ftbp,2026-09-14 22:13,生成成功
1589_噬恶演武，诸天除魔1-1047章.txt,https://pan.baidu.com/s/1yXQhmcAfwnkTfZdP47QuUg?pwd=ftbp,ftbp,2026-09-14 22:13,生成成功
1523_异维囚笼1-461章.txt,https://pan.baidu.com/s/1pparFa2P0nImwmswHNuZDA?pwd=ftbp,ftbp,2026-09-14 22:13,生成成功
1566_第四天灾就没有正常的1-550章.txt,https://pan.baidu.com/s/16zK1x_zxQtz1AXQq1zSOWA?pwd=ftbp,ftbp,2026-09-14 22:13,生成成功
1610_我不是文豪1-355章.txt,https://pan.baidu.com/s/1rOI2OOMvX2Rlhs73y8oCSQ?pwd=ftbp,ftbp,2026-09-14 22:13,生成成功
1682_洞房花烛夜后，得知夫君有花柳病1-456章.txt,https://pan.baidu.com/s/159I--8oIrEDPecvGxPXUrg?pwd=ftbp,ftbp,2026-09-14 22:13,生成成功
1541_长生修仙，从画符开始1-747章.txt,https://pan.baidu.com/s/1kTTe_Xd7dwYa7r3gRNNmzw?pwd=ftbp,ftbp,2026-09-14 22:13,生成成功
1530_重生鉴宝：我真没想当专家1-622章.txt,https://pan.baidu.com/s/1OGzWiTndwFowWBUEU_ub-Q?pwd=ftbp,ftbp,2026-09-14 22:13,生成成功
1568_我有一本任务日志1-714章.txt,https://pan.baidu.com/s/1A0K4GFz45OohbxDtHwYDXg?pwd=ftbp,ftbp,2026-09-14 22:13,生成成功
1687_长生从坊市散修开始1-756章.txt,https://pan.baidu.com/s/1PcEAZm3wydN6md5FfW4O6w?pwd=ftbp,ftbp,2026-09-14 22:13,生成成功
1681_从骨王开始征服综漫世界1-85章.txt,https://pan.baidu.com/s/13GpIpUwmTEnWAV5Fo12N_A?pwd=ftbp,ftbp,2026-09-14 22:13,生成成功
1597_剑来1-1281章.txt,https://pan.baidu.com/s/1AxQTPB_4SX5fTM7XlhEhPA?pwd=ftbp,ftbp,2026-09-14 22:13,生成成功
1613_废墟探险家1-418章.txt,https://pan.baidu.com/s/1lqHPDBmnd4sz82LVsSHo6A?pwd=ftbp,ftbp,2026-09-14 22:13,生成成功
1548_武侠世界，武道人仙1-153章.txt,https://pan.baidu.com/s/10QwC_x0Z6XpxHqY0mGSUPQ?pwd=ftbp,ftbp,2026-09-14 22:13,生成成功
1665_天道酬勤，杀穿乱世成圣1-314章.txt,https://pan.baidu.com/s/1ALqB4TqcVgzSbXG_sCJJFA?pwd=ftbp,ftbp,2026-09-14 22:13,生成成功
1642_从地下城格斗家开始成神1-162章.txt,https://pan.baidu.com/s/1U8_L7z957XRE9O_C7zRpZw?pwd=ftbp,ftbp,2026-09-14 22:13,生成成功
1689_让你下山娶妻，不是让你震惊世界！1-2506章.txt,https://pan.baidu.com/s/14t2WxwH-e73qW0FeiwNjiA?pwd=ftbp,ftbp,2026-09-14 22:13,生成成功
1585_我家夫人全是大反派1-568章.txt,https://pan.baidu.com/s/1bWJN3DIYJKfuGjzIscnG6Q?pwd=ftbp,ftbp,2026-09-14 22:13,生成成功
1664_长夜君主1-1817章.txt,https://pan.baidu.com/s/1BWzOSPtWfFt2yvhIxVBn-Q?pwd=ftbp,ftbp,2026-09-14 22:13,生成成功
1660_无尽乐园1-590章.txt,https://pan.baidu.com/s/1QwxU98DE9f1E5rPCLpt9eQ?pwd=ftbp,ftbp,2026-09-14 22:13,生成成功
1685_我一个杂役，真不是合欢老祖啊！1-173章.txt,https://pan.baidu.com/s/1vXN7nv7Wc6-YVMND_o771Q?pwd=ftbp,ftbp,2026-09-14 22:13,生成成功
1653_古代末世的文弱书生1-246章.txt,https://pan.baidu.com/s/1x6dmvy9O2hG_iy7heOLK1A?pwd=ftbp,ftbp,2026-09-14 22:13,生成成功
1586_我在噩梦世界建立安全区1-296章.txt,https://pan.baidu.com/s/1OfXcbm6Kr2GcZPVkGRk_TA?pwd=ftbp,ftbp,2026-09-14 22:13,生成成功
1567_怪谈：我的同学是富江1-126章.txt,https://pan.baidu.com/s/1ki0j9_Vs3yTFq8r-ckBfuQ?pwd=ftbp,ftbp,2026-09-14 22:13,生成成功
1563_华娱：满级导演但歌手出道1-755章.txt,https://pan.baidu.com/s/1_SL5ebalFEWx-gQvJaNZzg?pwd=ftbp,ftbp,2026-09-14 22:13,生成成功
1534_咒术回战：反派第一人1-268章.txt,https://pan.baidu.com/s/1zDv1NoH4Yl95jxcp8g7NEg?pwd=ftbp,ftbp,2026-09-14 22:13,生成成功
1559_扶摇河山1-1183章.txt,https://pan.baidu.com/s/1YkmCeyp4pxT49UYt72Zd2A?pwd=ftbp,ftbp,2026-09-14 22:13,生成成功
1576_末世第一狠人1-1827章.txt,https://pan.baidu.com/s/12O9SGFrKAz4AAXnU6KQhQg?pwd=ftbp,ftbp,2026-09-14 22:13,生成成功
1574_华娱：天仙的无耻小师弟1-360章.txt,https://pan.baidu.com/s/1R8lfiriO7XXXfZDTpm78fw?pwd=ftbp,ftbp,2026-09-14 22:13,生成成功
1690_御兽：高武杀戮，我的狗子超神了？1-213章.txt,https://pan.baidu.com/s/1Qj_u3RZBmHhpbM9KD1qf6w?pwd=ftbp,ftbp,2026-09-14 22:13,生成成功
1536_幽魂骑士王的地下城工程1-312章.txt,https://pan.baidu.com/s/1XOMzuNo1g8QUpHoFfcHbbA?pwd=ftbp,ftbp,2026-09-14 22:13,生成成功
1600_万灵仙君1-728章.txt,https://pan.baidu.com/s/1pxl3tILd33NtcyRImjfguQ?pwd=ftbp,ftbp,2026-09-14 22:13,生成成功
1581_人在箱庭，我真没想当上帝1-412章.txt,https://pan.baidu.com/s/1JSP5iL7UUDszgp7jsau32g?pwd=ftbp,ftbp,2026-09-14 22:13,生成成功
1654_斗罗绝世：我，最后的天灾1-90章.txt,https://pan.baidu.com/s/1lDU-qTBhJlH8izFNgha_ew?pwd=ftbp,ftbp,2026-09-14 22:13,生成成功
1686_大明边军：昏君被俘，我反手夺天下！1-396章.txt,https://pan.baidu.com/s/1f9DxjhAaAqJ-LEe3N7a3DQ?pwd=ftbp,ftbp,2026-09-14 22:13,生成成功
1678_全职猎人：无限成长1-646章.txt,https://pan.baidu.com/s/1bnjgmeGHgqtiBXggQ0VW5w?pwd=ftbp,ftbp,2026-09-14 22:13,生成成功
1670_僵尸小姐的邪修日常1-384章.txt,https://pan.baidu.com/s/1NKOLCnTvwInlqCwCgEfQeg?pwd=ftbp,ftbp,2026-09-14 22:13,生成成功
1606_原来我是仙道天骄1-122章.txt,https://pan.baidu.com/s/1kwaWs2kNNq16c8raD81CJQ?pwd=ftbp,ftbp,2026-09-14 22:13,生成成功
1588_渔猎八一，从近海到远洋1-512章.txt,https://pan.baidu.com/s/1oTX9bZo0WnPTZX8WzxZeGA?pwd=ftbp,ftbp,2026-09-14 22:13,生成成功
1609_诡秘：纯路人，但在塔罗会兼职1-382章.txt,https://pan.baidu.com/s/1BZ214j8O5rqNT5fpx5Q1gA?pwd=ftbp,ftbp,2026-09-14 22:13,生成成功
1516_饮食男女1-100章.txt,https://pan.baidu.com/s/1d_xc_I2gsYpFU86z9BqeIQ?pwd=ftbp,ftbp,2026-09-14 22:13,生成成功
1698_混沌阴阳鼎1-385章.txt,https://pan.baidu.com/s/1TZem660tDtlF28NQ4KFaUw?pwd=ftbp,ftbp,2026-09-14 22:13,生成成功
1590_太虚至尊1-2469章.txt,https://pan.baidu.com/s/1YQmP7kcMNu7X8vu_FyP1QA?pwd=ftbp,ftbp,2026-09-14 22:13,生成成功
1643_玩家们的NPC大爹1-2964章.txt,https://pan.baidu.com/s/1-XKPybG7SDgbxtce05y5tw?pwd=ftbp,ftbp,2026-09-14 22:13,生成成功
1553_八十年代渔猎日常1-1428章.txt,https://pan.baidu.com/s/15RkUFG_ebBuN1z4VSQddcw?pwd=ftbp,ftbp,2026-09-14 22:13,生成成功
1628_遮天1-3112章.txt,https://pan.baidu.com/s/1Q392fBoLCsFbkw85mi_f5w?pwd=ftbp,ftbp,2026-09-14 22:13,生成成功
1637_奥特曼：怪兽格斗进化1-410章.txt,https://pan.baidu.com/s/1MmRyp18xnEtYV-9MFMyExA?pwd=ftbp,ftbp,2026-09-14 22:13,生成成功
1618_天启预报1-1706章.txt,https://pan.baidu.com/s/1Rzg4QCcdB5h5L_Z11RdrFg?pwd=ftbp,ftbp,2026-09-14 22:13,生成成功
1537_山河稷1-826章.txt,https://pan.baidu.com/s/1AXLJnQeaJCCFpXtlewdFOg?pwd=ftbp,ftbp,2026-09-14 22:13,生成成功
1552_赛博英雄传1-1251章.txt,https://pan.baidu.com/s/1pFxsKJjAJ52-S0h0mpkqoA?pwd=ftbp,ftbp,2026-09-14 22:13,生成成功
1521_道爷要飞升1-904章.txt,https://pan.baidu.com/s/1U_7NaDF6vlj2ZqoCrOIadQ?pwd=ftbp,ftbp,2026-09-14 22:13,生成成功
1661_有道行1-96章.txt,https://pan.baidu.com/s/1a4nGodO_XJRo5lO0b49BFg?pwd=ftbp,ftbp,2026-09-14 22:13,生成成功
1650_欺世游戏1-399章.txt,https://pan.baidu.com/s/17MD7R7jqrgj6ik75AkvPsA?pwd=ftbp,ftbp,2026-09-14 22:13,生成成功
1524_鸣龙1-682章.txt,https://pan.baidu.com/s/1w_YEsKDke_DXtbJaQgWIsg?pwd=ftbp,ftbp,2026-09-14 22:13,生成成功
1657_娱乐圈最严厉的父亲！1-244章.txt,https://pan.baidu.com/s/1KkSLx9RLL7CeUfHwLDDAUQ?pwd=ftbp,ftbp,2026-09-14 22:13,生成成功
1617_我的卡牌御兽游戏1-348章.txt,https://pan.baidu.com/s/1_o9JHSUI0KN2c_wZBm5Uxw?pwd=ftbp,ftbp,2026-09-14 22:13,生成成功
1594_这个明星正得发邪1-1032章.txt,https://pan.baidu.com/s/1RBO2fIN1HVqYyYqFNki5zw?pwd=ftbp,ftbp,2026-09-14 22:13,生成成功
1565_帝皇在上1-819章.txt,https://pan.baidu.com/s/1BSAG7v36fzNLqNTYij0umQ?pwd=ftbp,ftbp,2026-09-14 22:13,生成成功
1640_窃仙！1-661章.txt,https://pan.baidu.com/s/1DB95gTImLoZ8e1gAZ5OS8A?pwd=ftbp,ftbp,2026-09-14 22:13,生成成功
1666_人气至上，我扮演超级天才1-177章.txt,https://pan.baidu.com/s/1zhvd7NQNCtbNDAzRXQ15rA?pwd=ftbp,ftbp,2026-09-14 22:13,生成成功
1582_大不列颠之影1-1102章.txt,https://pan.baidu.com/s/1jebJ5mN72J5Vjl21dX9wpg?pwd=ftbp,ftbp,2026-09-14 22:13,生成成功
1564_相国在上1-834章.txt,https://pan.baidu.com/s/1cIuNYZwNzuGzoBbsRrepxw?pwd=ftbp,ftbp,2026-09-14 22:13,生成成功
1627_未来，地球成了神话时代遗迹1-826章.txt,https://pan.baidu.com/s/1vPmo28qpCBAIWCdu2u2CuA?pwd=ftbp,ftbp,2026-09-14 22:13,生成成功
1579_火影：融合万界角色模板1-267章.txt,https://pan.baidu.com/s/18qEJsJJAQ6O3IV0GNyMR2A?pwd=ftbp,ftbp,2026-09-14 22:13,生成成功
1508_庄生不晓梦1-129章.txt,https://pan.baidu.com/s/1q0G2ZgOzZkZ7_w3-oF4SOA?pwd=ftbp,ftbp,2026-09-14 22:13,生成成功
1599_剑道余烬1-1160章.txt,https://pan.baidu.com/s/1n-DoAhq0NDO15NFyb0ZVhQ?pwd=ftbp,ftbp,2026-09-14 22:13,生成成功
1525_这游戏也太真实了1-1133章.txt,https://pan.baidu.com/s/1u99Stg4N0moISXRfddvFSQ?pwd=ftbp,ftbp,2026-09-14 22:13,生成成功
1652_美利坚：疾速追杀19241-203章.txt,https://pan.baidu.com/s/1o-Io0t4Xhyj3cVrTQ88mHw?pwd=ftbp,ftbp,2026-09-14 22:13,生成成功
1658_大明草包探花1-435章.txt,https://pan.baidu.com/s/11YNZCc-52NGJsqE06kSqVg?pwd=ftbp,ftbp,2026-09-14 22:13,生成成功
1561_华娱之摄影系大导1-1419章.txt,https://pan.baidu.com/s/1xrhxExgWWR0qyCD9AtvITQ?pwd=ftbp,ftbp,2026-09-14 22:13,生成成功
1625_水浒第一狠人1-492章.txt,https://pan.baidu.com/s/1KrlKiMsvPSWii_XjqdSzDw?pwd=ftbp,ftbp,2026-09-14 22:13,生成成功
1601_我在公门修仙1-610章.txt,https://pan.baidu.com/s/11S36ogce_ZDL9jzIkqNzQw?pwd=ftbp,ftbp,2026-09-14 22:13,生成成功
1630_诸天：从暗黑地牢开始1-235章.txt,https://pan.baidu.com/s/1TGFxxPs6UAC0nJxb2PZchw?pwd=ftbp,ftbp,2026-09-14 22:13,生成成功
1547_我的女友来自19491-412章.txt,https://pan.baidu.com/s/1LpTSeFy1uNRHmwOATw6Y8g?pwd=ftbp,ftbp,2026-09-14 22:13,生成成功
1571_发薪就能变强，我有十亿员工！1-1212章.txt,https://pan.baidu.com/s/1hZeHYpbQImlM5qEenOXGjQ?pwd=ftbp,ftbp,2026-09-14 22:13,生成成功
1659_天才之上1-427章.txt,https://pan.baidu.com/s/1v3LarwFETWEuCxAEcEkMOQ?pwd=ftbp,ftbp,2026-09-14 22:13,生成成功
1504_现实编程协会1-203章.txt,https://pan.baidu.com/s/19uhEsyuLlTDznH6NkajpRQ?pwd=ftbp,ftbp,2026-09-14 22:13,生成成功
1501_神话版三国1-7756章.txt,https://pan.baidu.com/s/1hzm8VnqU_-4WYzsiqi3gaA?pwd=ftbp,ftbp,2026-09-14 22:13,生成成功
1638_宝可梦降临下的末世生活1-109章.txt,https://pan.baidu.com/s/1Al5z5OSfNs7lem8EByJ64Q?pwd=ftbp,ftbp,2026-09-14 22:13,生成成功
1550_说好的民企，空天母舰什么鬼1-1634章.txt,https://pan.baidu.com/s/1jD-G-BopM2BkmD1gP_OzzA?pwd=ftbp,ftbp,2026-09-14 22:13,生成成功
1676_惊悚乐园1-1514章.txt,https://pan.baidu.com/s/1Gw1TrmCC4ZQ7v4tLDqa7Yw?pwd=ftbp,ftbp,2026-09-14 22:13,生成成功
1557_修仙界只有妖女了是吗1-583章.txt,https://pan.baidu.com/s/10XsIEjMhajSnOSXxsUo7Cw?pwd=ftbp,ftbp,2026-09-14 22:13,生成成功
1629_我真不用重生啊1-278章.txt,https://pan.baidu.com/s/1NO7uesvx81MBHzwZ1klTfw?pwd=ftbp,ftbp,2026-09-14 22:13,生成成功
1583_这是我们的战锤之旅1-593章.txt,https://pan.baidu.com/s/108MrRQiMEWwOn70ksoN0LQ?pwd=ftbp,ftbp,2026-09-14 22:13,生成成功
1693_吞噬星空之我能加点属性1-520章.txt,https://pan.baidu.com/s/1xRu8FTi5GWTXjVsr0-Qa4g?pwd=ftbp,ftbp,2026-09-14 22:13,生成成功
1535_食仙主1-976章.txt,https://pan.baidu.com/s/1-57V_vqQkijq0n6hb1pKzg?pwd=ftbp,ftbp,2026-09-14 22:13,生成成功
1684_王爷别怀疑，你的崽天下无敌1-517章.txt,https://pan.baidu.com/s/177aypPYzydLm3IhZWgt0Xg?pwd=ftbp,ftbp,2026-09-14 22:13,生成成功